forecast_date,days_ahead,predicted_participants,predicted_bookings,predicted_revenue_php,demand_level,season_period,instructors_needed,_month
2026-10-11,7,18.1,9.5,41878.88,Medium,Off-Peak,5,2026-10
2026-10-18,14,14.0,8.2,32414.08,Medium,Off-Peak,4,2026-10
2026-10-25,21,14.7,8.5,30856.76,Medium,Off-Peak,4,2026-10
2026-11-01,28,15.6,7.0,26199.22,Medium,Off-Peak,4,2026-11
2026-11-08,35,15.3,3.2,16332.06,Medium,Off-Peak,4,2026-11
2026-11-15,42,11.3,3.4,19310.19,Medium,Off-Peak,3,2026-11
2026-11-22,49,9.9,2.4,17709.16,Low,Off-Peak,3,2026-11
2026-11-29,56,12.1,3.8,15179.36,Medium,Off-Peak,4,2026-11
2026-12-06,63,12.1,7.3,34215.71,Medium,Shoulder,4,2026-12
2026-12-13,70,14.9,10.8,31546.59,Medium,Shoulder,4,2026-12
2026-12-20,77,16.0,10.8,29862.32,Medium,Shoulder,4,2026-12
2026-12-27,84,15.6,9.8,25848.35,Medium,Shoulder,4,2026-12
2027-01-03,91,9.0,7.9,17383.54,Low,Off-Peak,3,2027-01
