horizon_from_issue,lead_from_last_obs,operational_lag_h,n_samples,mae_decomp_eulerian_persist_m_s,mae_decomp_eulerian_clim_m_s,mae_total_persistence_m_s,mae_direct_climatology_exact_m_s,best_physical_baseline,best_baseline_mae_m_s,best_baseline_mae_kt,delta_mae_vs_climatology,paired_ci_vs_clim_lower,paired_ci_vs_clim_upper,skill_vs_climatology,statistically_significant_skill
1,25,24,8785,0.0743,0.1498,0.0774,0.1455,Decomp + Eulerian Persist,0.0743,0.144,-0.0711,-0.0861,-0.0586,0.489,True
3,27,24,8785,0.0801,0.1498,0.1216,0.1455,Decomp + Eulerian Persist,0.0801,0.156,-0.0653,-0.0803,-0.0528,0.4492,True
6,30,24,8785,0.0892,0.1498,0.1746,0.1455,Decomp + Eulerian Persist,0.0892,0.173,-0.0562,-0.0707,-0.0433,0.3865,True
12,36,24,8785,0.1019,0.1498,0.1267,0.1455,Decomp + Eulerian Persist,0.1019,0.198,-0.0436,-0.0578,-0.0292,0.2995,True
24,48,24,8785,0.1017,0.1498,0.1193,0.1455,Decomp + Eulerian Persist,0.1017,0.198,-0.0437,-0.0591,-0.0284,0.3005,True
48,72,24,8785,0.1227,0.1498,0.1494,0.1455,Decomp + Eulerian Persist,0.1227,0.239,-0.0227,-0.038,-0.0064,0.1562,True
72,96,24,8785,0.1358,0.1498,0.1696,0.1455,Decomp + Eulerian Persist,0.1358,0.264,-0.0097,-0.0246,0.0063,0.0666,False
120,144,24,8785,0.1523,0.1498,0.1929,0.1455,Decomp + Eulerian Clim,0.1498,0.291,0.0043,-0.0116,0.0195,-0.0299,False
168,192,24,8785,0.1652,0.1498,0.2008,0.1455,Decomp + Eulerian Clim,0.1498,0.291,0.0043,-0.0116,0.0195,-0.0299,False
192,216,24,8785,0.1677,0.1498,0.198,0.1455,Decomp + Eulerian Clim,0.1498,0.291,0.0043,-0.0116,0.0195,-0.0299,False
240,264,24,8785,0.168,0.1498,0.1872,0.1455,Decomp + Eulerian Clim,0.1498,0.291,0.0043,-0.0116,0.0195,-0.0299,False
