horizon_h,lead_time_h,cv_winner,cv_mae_direct_clim,cv_mae_decomp_clim,cv_mae_total_persist,cv_mae_decomp_persist,holdout_mae_direct_clim,holdout_mae_decomp_clim,holdout_mae_total_persist,holdout_mae_decomp_persist,holdout_mae_selected,holdout_mae_selected_kt,delta_mae_vs_direct_clim,block_ci_lower_ms,block_ci_upper_ms,skill_status
1,25,decomp_persist,0.14701951698371468,0.16749835727842866,0.07658355062206586,0.07386169344544151,0.14545518663649828,0.1498045534206335,0.07740199565887451,0.07432355082833786,0.07432355082833786,0.14447309104215628,-0.07113163580816041,-0.08606867631256461,-0.05860006375921882,Statistically Significant Forecast Skill
3,27,decomp_persist,0.14701951698371468,0.16749835727842866,0.12186071897546451,0.07819751580561869,0.14545518663649828,0.1498045534206335,0.12162167578935623,0.08012002399049895,0.08012002399049895,0.15574050743369147,-0.06533516264599934,-0.08025949616241984,-0.05276977233682092,Statistically Significant Forecast Skill
6,30,decomp_persist,0.14701951698371468,0.16749835727842866,0.17964457720518112,0.08558703749839287,0.14545518663649828,0.1498045534206335,0.17458489537239075,0.0892365563523186,0.0892365563523186,0.17346158769989098,-0.056218630284179685,-0.0707368684120375,-0.04331209625685398,Statistically Significant Forecast Skill
12,36,decomp_persist,0.14701951698371468,0.16749835727842866,0.12753065675497055,0.09777329883594756,0.14545518663649828,0.1498045534206335,0.12665794789791107,0.10188908353088831,0.10188908353088831,0.19805607613068194,-0.04356610310560998,-0.05780341427612198,-0.029223219286387114,Statistically Significant Forecast Skill
24,48,decomp_persist,0.14701951698371468,0.16749835727842866,0.12480866288145383,0.10789147972105086,0.14545518663649828,0.1498045534206335,0.11934998631477356,0.10174483139464306,0.10174483139464306,0.19777567305816296,-0.04371035524185522,-0.05914421211789169,-0.02836943534957109,Statistically Significant Forecast Skill
48,72,decomp_persist,0.14701951698371468,0.16749835727842866,0.1569536253809929,0.1314337315068656,0.14545518663649828,0.1498045534206335,0.1494467705488205,0.12273906346148471,0.12273906346148471,0.23858510111897244,-0.022716123175013578,-0.03802058718495903,-0.006364897530924619,Statistically Significant Forecast Skill
72,96,decomp_persist,0.14701951698371468,0.16749835727842866,0.17791268229484558,0.146074719062331,0.14545518663649828,0.1498045534206335,0.16964203119277954,0.13576743804984057,0.13576743804984057,0.2639101767788021,-0.009687748586657732,-0.02464651703313623,0.006294735344463405,"Positive Skill (n.s., 95% CI spans 0)"
120,144,direct_clim,0.14701951698371468,0.16749835727842866,0.19981700678666434,0.1624915064899952,0.14545518663649828,0.1498045534206335,0.19293728470802307,0.15225212218990625,0.14545518663649828,0.28274160999149084,0.0,0.0,0.0,Horizon-Independent Climatology (Zero Forecast Skill)
168,192,direct_clim,0.14701951698371468,0.16749835727842866,0.205238975584507,0.17199417781211143,0.14545518663649828,0.1498045534206335,0.20081230998039246,0.16519655052135726,0.14545518663649828,0.28274160999149084,0.0,0.0,0.0,Horizon-Independent Climatology (Zero Forecast Skill)
192,216,direct_clim,0.14701951698371468,0.16749835727842866,0.20477943122386932,0.1745317348903227,0.14545518663649828,0.1498045534206335,0.19803911447525024,0.16773821791015128,0.14545518663649828,0.28274160999149084,0.0,0.0,0.0,Horizon-Independent Climatology (Zero Forecast Skill)
240,264,direct_clim,0.14701951698371468,0.16749835727842866,0.19891249388456345,0.18146887915084697,0.14545518663649828,0.1498045534206335,0.1872429996728897,0.16798066048961355,0.14545518663649828,0.28274160999149084,0.0,0.0,0.0,Horizon-Independent Climatology (Zero Forecast Skill)
