target,horizon_h,season,n_samples,mae_model,mae_clim,skill_score,skill_ci_lo,skill_ci_hi
hs,6,Overall (Dev CV),6933,0.1152,0.1682,0.3147,0.2772,0.3521
hs,6,Amihan (NE Monsoon),2168,0.1011,0.1212,0.1655,0.1107,0.2203
hs,6,Habagat (SW Monsoon),1952,0.1392,0.2454,0.433,0.3942,0.4782
hs,6,Summer / Transition,2813,0.1095,0.1507,0.2734,0.2007,0.3397
hs,12,Overall (Dev CV),6933,0.1212,0.1682,0.2794,0.2385,0.3154
hs,12,Amihan (NE Monsoon),2168,0.1058,0.1212,0.1265,0.0806,0.1732
hs,12,Habagat (SW Monsoon),1952,0.1496,0.2454,0.3906,0.3376,0.4365
hs,12,Summer / Transition,2813,0.1133,0.1508,0.2484,0.1703,0.3279
hs,24,Overall (Dev CV),6933,0.1396,0.1682,0.17,0.132,0.2061
hs,24,Amihan (NE Monsoon),2168,0.1163,0.1212,0.0405,-0.0036,0.0776
hs,24,Habagat (SW Monsoon),1952,0.1853,0.2455,0.2453,0.1964,0.2928
hs,24,Summer / Transition,2813,0.1259,0.1508,0.1651,0.0892,0.243
hs,36,Overall (Dev CV),6933,0.1462,0.1683,0.1311,0.0935,0.1679
hs,36,Amihan (NE Monsoon),2168,0.1197,0.1212,0.0122,-0.0219,0.0444
hs,36,Habagat (SW Monsoon),1952,0.2022,0.2455,0.1763,0.1339,0.226
hs,36,Summer / Transition,2813,0.1277,0.1509,0.1535,0.0796,0.2363
hs,48,Overall (Dev CV),6933,0.1542,0.1683,0.0838,0.0495,0.1221
hs,48,Amihan (NE Monsoon),2168,0.1218,0.1212,-0.0043,-0.032,0.0199
hs,48,Habagat (SW Monsoon),1952,0.2205,0.2455,0.102,0.0493,0.1523
hs,48,Summer / Transition,2813,0.1332,0.151,0.1177,0.0511,0.1852
current_speed,24,Overall (Dev CV),6933,0.1135,0.1635,0.3059,0.2782,0.332
current_speed,24,Amihan (NE Monsoon),2168,0.1102,0.1565,0.2962,0.2603,0.3288
current_speed,24,Habagat (SW Monsoon),1952,0.1138,0.1601,0.2892,0.2338,0.3376
current_speed,24,Summer / Transition,2813,0.1158,0.1713,0.3237,0.27,0.3714
current_speed,48,Overall (Dev CV),6933,0.1399,0.1636,0.1449,0.1156,0.173
current_speed,48,Amihan (NE Monsoon),2168,0.137,0.1566,0.1249,0.0853,0.1627
current_speed,48,Habagat (SW Monsoon),1952,0.1386,0.1601,0.134,0.091,0.1739
current_speed,48,Summer / Transition,2813,0.143,0.1715,0.1662,0.1192,0.2121
current_speed,72,Overall (Dev CV),6933,0.1545,0.1637,0.0558,0.0246,0.0848
current_speed,72,Amihan (NE Monsoon),2168,0.1531,0.1566,0.0224,-0.0356,0.0744
current_speed,72,Habagat (SW Monsoon),1952,0.1497,0.1601,0.0647,0.0333,0.09
current_speed,72,Summer / Transition,2813,0.159,0.1716,0.0736,0.0102,0.1299
