source,variable,horizon_from_issue,lead_from_last_obs,operational_lag_h,n_samples,mae_persistence,ci_lower_cand,ci_upper_cand,mae_climatology_exact_sample,delta_mae,paired_ci_lower,paired_ci_upper,skill_vs_climatology,statistically_significant
waves,hs,3,15,12,2933,0.1098,0.0979,0.1302,0.1722,-0.0624,-0.0976,-0.0222,0.3625,True
waves,tp,3,15,12,2933,0.9074,0.7493,1.0778,1.2799,-0.3725,-0.5762,-0.2386,0.2911,True
waves,swell_height,3,15,12,2933,0.0524,0.0419,0.0658,0.1043,-0.0519,-0.0788,-0.0248,0.4974,True
waves,wind_wave_height,3,15,12,2933,0.1383,0.1232,0.1654,0.1719,-0.0336,-0.0577,-0.0043,0.1957,True
waves,hs,6,18,12,2933,0.1136,0.101,0.1366,0.1722,-0.0586,-0.0943,-0.0173,0.3403,True
waves,tp,6,18,12,2933,0.9482,0.77,1.141,1.2799,-0.3317,-0.5328,-0.2015,0.2592,True
waves,swell_height,6,18,12,2933,0.0549,0.044,0.0689,0.1043,-0.0494,-0.0762,-0.0225,0.4735,True
waves,wind_wave_height,6,18,12,2933,0.1402,0.1242,0.1703,0.1719,-0.0317,-0.0554,-0.0022,0.1846,True
waves,hs,12,24,12,2933,0.1199,0.105,0.1455,0.1722,-0.0523,-0.0881,-0.0093,0.3039,True
waves,tp,12,24,12,2933,1.0151,0.823,1.2284,1.2799,-0.2648,-0.4569,-0.138,0.2069,True
waves,swell_height,12,24,12,2933,0.0588,0.0465,0.0742,0.1043,-0.0455,-0.0727,-0.019,0.4359,True
waves,wind_wave_height,12,24,12,2933,0.142,0.1238,0.1746,0.1719,-0.0299,-0.0549,0.0005,0.1741,False
waves,hs,24,36,12,2933,0.155,0.1381,0.186,0.1722,-0.0172,-0.052,0.0277,0.1001,False
waves,tp,24,36,12,2933,1.1981,0.9784,1.4277,1.2799,-0.0818,-0.2598,0.0448,0.0639,False
waves,swell_height,24,36,12,2933,0.0739,0.0579,0.0929,0.1043,-0.0304,-0.0549,-0.0056,0.2913,True
waves,wind_wave_height,24,36,12,2933,0.1851,0.1638,0.2227,0.1719,0.0132,-0.0098,0.046,-0.0767,False
waves,hs,48,60,12,2933,0.1769,0.152,0.2175,0.1722,0.0047,-0.0272,0.0479,-0.0274,False
waves,tp,48,60,12,2933,1.3791,1.1108,1.6698,1.2799,0.0992,-0.0869,0.2437,-0.0775,False
waves,swell_height,48,60,12,2933,0.0914,0.0685,0.1167,0.1043,-0.0129,-0.035,0.0081,0.1238,False
waves,wind_wave_height,48,60,12,2933,0.2057,0.1789,0.253,0.1719,0.0337,0.0124,0.0707,-0.1962,True
waves,hs,72,84,12,2933,0.1849,0.1553,0.2258,0.1722,0.0127,-0.0132,0.0514,-0.0737,False
waves,tp,72,84,12,2933,1.4571,1.1824,1.7388,1.2799,0.1772,-0.0008,0.3134,-0.1385,False
waves,swell_height,72,84,12,2933,0.1044,0.0758,0.1348,0.1043,0.0001,-0.0218,0.0215,-0.0007,False
waves,wind_wave_height,72,84,12,2933,0.2101,0.1795,0.2567,0.1719,0.0382,0.0191,0.0694,-0.2222,True
waves,hs,120,132,12,2933,0.1964,0.1603,0.239,0.1722,0.0241,0.0017,0.051,-0.1402,True
waves,tp,120,132,12,2933,1.6024,1.295,1.9712,1.2799,0.3225,0.1372,0.4868,-0.2519,True
waves,swell_height,120,132,12,2933,0.1144,0.0819,0.1461,0.1043,0.0101,-0.0106,0.0301,-0.0964,False
waves,wind_wave_height,120,132,12,2933,0.2173,0.1847,0.2684,0.1719,0.0453,0.0299,0.0709,-0.2637,True
waves,hs,168,180,12,2933,0.2164,0.1759,0.2635,0.1722,0.0442,0.0202,0.0742,-0.2568,True
waves,tp,168,180,12,2933,1.6914,1.3798,2.066,1.2799,0.4115,0.2157,0.5794,-0.3215,True
waves,swell_height,168,180,12,2933,0.122,0.0892,0.1525,0.1043,0.0177,-0.006,0.0391,-0.1696,False
waves,wind_wave_height,168,180,12,2933,0.2323,0.1906,0.29,0.1719,0.0603,0.0358,0.0954,-0.351,True
waves,hs,192,204,12,2933,0.2244,0.1789,0.2736,0.1722,0.0522,0.0248,0.0827,-0.303,True
waves,tp,192,204,12,2933,1.6706,1.3807,2.0293,1.2799,0.3907,0.1991,0.5505,-0.3053,True
waves,swell_height,192,204,12,2933,0.127,0.0911,0.1581,0.1043,0.0227,-0.0046,0.0443,-0.2171,False
waves,wind_wave_height,192,204,12,2933,0.2347,0.1935,0.2952,0.1719,0.0628,0.0375,0.0992,-0.3654,True
waves,hs,240,252,12,2933,0.2321,0.1811,0.2827,0.1722,0.0599,0.0294,0.0862,-0.3479,True
waves,tp,240,252,12,2933,1.6892,1.4195,2.0096,1.2799,0.4093,0.2177,0.5748,-0.3198,True
waves,swell_height,240,252,12,2933,0.1337,0.0939,0.1673,0.1043,0.0294,0.001,0.0516,-0.2814,True
waves,wind_wave_height,240,252,12,2933,0.2384,0.1958,0.2946,0.1719,0.0664,0.0367,0.0996,-0.3865,True
