variable,horizon_h,lead_h,n_samples,mae_persist,mae_clim,delta_mae,ci_lower_56rows_168h,ci_upper_56rows_168h,width_168h,ci_lower_112rows_336h,ci_upper_112rows_336h,width_336h,ci_lower_old_168rows_504h,ci_upper_old_168rows_504h,width_old_504h,skill_pct,stat_sig_168h
hs,3,15,2933,0.1097817909317977,0.17221798252715131,-0.06243619159535358,-0.08893833521165981,-0.034768296926711094,0.054170038284948714,-0.0935105489823658,-0.026860391446057095,0.06665015753630871,-0.09756386120495066,-0.02219334199836678,0.07537051920658387,36.25416502920079,True
hs,6,18,2933,0.11360381607650857,0.17221798252715131,-0.05861416645064272,-0.08524624519553618,-0.03189799309812526,0.053348252097410925,-0.09065412336583525,-0.02289977998255195,0.0677543433832833,-0.09426207553396192,-0.01729189867089135,0.07697017686307056,34.03486998891177,True
hs,12,24,2933,0.11987384662166761,0.17221798252715131,-0.052344135905483674,-0.0790803013303637,-0.02494048930010703,0.05413981203025667,-0.08464567056755574,-0.016024089574842765,0.06862158099271298,-0.08805077403353016,-0.009312363488285402,0.07873841054524476,30.39411746519055,True
hs,24,36,2933,0.1549812444049752,0.17221798252715131,-0.017236738122176094,-0.0444132529719757,0.010622959217760393,0.055036212189736096,-0.049320705124278594,0.02104391991944913,0.07036462504372773,-0.05195175798587008,0.027722402193209816,0.0796741601790799,10.00867497646979,False
hs,48,60,2933,0.17693487500871585,0.17221798252715131,0.004716892481564567,-0.022954125804360764,0.03388403017278246,0.05683815597714322,-0.026439913382398768,0.042250836280388206,0.06869074966278697,-0.02724837157284596,0.04792894850753682,0.07517732008038278,-2.7389082210511173,False
hs,72,84,2933,0.18490623521240365,0.17221798252715131,0.012688252685252355,-0.014641560769166763,0.04255631975367262,0.05719788052283938,-0.015625928918544443,0.04687802655004315,0.0625039554685876,-0.013192812399254085,0.05142575210520664,0.06461856450446073,-7.36755389829975,False
hs,120,132,2933,0.19635867273344182,0.17221798252715131,0.024140690206290536,-0.004911069425573468,0.050716870380771904,0.055627939806345374,-0.0020691029957766705,0.05121278032777159,0.05328188332354826,0.0017142466246221528,0.051033889835771604,0.04931964321114945,-14.017520035972186,False
hs,168,180,2933,0.21643709028669988,0.17221798252715131,0.04421910775954861,0.013013493119627496,0.07389515117625024,0.060881658056622746,0.016502344937684283,0.07535278479889737,0.05885043986121309,0.0201746468046866,0.07423407803755643,0.054059431232869826,-25.676243044234436,False
hs,192,204,2933,0.22439822205556686,0.17221798252715131,0.05218023952841558,0.019111687598593923,0.08270227192614983,0.0635905843275559,0.020224298831076837,0.08350121284857046,0.06327691401749362,0.02476936115156384,0.08265546222538188,0.05788610107381804,-30.29894948408711,False
hs,240,252,2933,0.23213773773664953,0.17221798252715131,0.05991975520949825,0.02696139329313828,0.09260591451713196,0.06564452122399368,0.025172681505050202,0.08990560130560284,0.06473291980055264,0.029417510708677277,0.08622340150930298,0.0568058908006257,-34.792972447027395,False
tp,3,15,2933,0.9073815003457866,1.279896227597929,-0.3725147272521425,-0.5516423220726091,-0.23757494938223805,0.31406737269037105,-0.5534972612251642,-0.22696432513278023,0.326532936092384,-0.5762232743491368,-0.23855765438179566,0.3376656199673411,29.10507267853012,True
tp,6,18,2933,0.9481759078894668,1.279896227597929,-0.3317203197084623,-0.5054605240671743,-0.20164731901059493,0.3038132050565794,-0.5081181284300053,-0.18729018404253378,0.3208279443874715,-0.5327898258194007,-0.2015179741223849,0.3312718516970158,25.917751186049276,True
tp,12,24,2933,1.0151107853568742,1.279896227597929,-0.2647854422410549,-0.4262149966480803,-0.13614680727761977,0.2900681893704605,-0.4281142169474335,-0.12748464871215714,0.30062956823527637,-0.45693015484567656,-0.1379741208995745,0.31895603394610206,20.688039899765652,True
tp,24,36,2933,1.1981418075187953,1.279896227597929,-0.08175442007913382,-0.23200185359516645,0.04256078757588485,0.2745626411710513,-0.24256335101843193,0.05649200827314387,0.2990553592915758,-0.259823588752688,0.04479787359276426,0.3046214623454523,6.387581923932073,False
tp,48,60,2933,1.37912373323828,1.279896227597929,0.09922750564035081,-0.05239347769683657,0.2260433765200098,0.2784368542168464,-0.07171275597483552,0.2445268296475613,0.31623958562239685,-0.08687820530201228,0.24366905177960327,0.33054725708161553,-7.752777412789014,False
tp,72,84,2933,1.457118958225261,1.279896227597929,0.17722273062733185,0.013097043654121536,0.3123759824950558,0.2992789388409343,0.0058034948270280756,0.32290505299658934,0.31710155816956126,-0.0008258448893816858,0.3134027992133463,0.314228644102728,-13.84664840835872,False
tp,120,132,2933,1.6023627326808212,1.279896227597929,0.3224665050828921,0.15037365656361296,0.46861835049885614,0.3182446939352432,0.13807821500905335,0.48916439903297376,0.35108618402392044,0.13715436528427633,0.48683437928409246,0.34968001399981613,-25.194738302189347,False
tp,168,180,2933,1.691425124143923,1.279896227597929,0.41152889654599406,0.22378052036124643,0.5738177729549877,0.3500372525937413,0.20863339430747954,0.5915607386401407,0.3829273443326612,0.2157371227906609,0.5793856599634956,0.36364853717283463,-32.15330178121856,False
tp,192,204,2933,1.6706068498052928,1.279896227597929,0.39071062220736374,0.19698885031437868,0.5523694072577798,0.35538055694340115,0.1879295516491549,0.566713121428543,0.3787835697793881,0.19905927253756087,0.550487075989734,0.35142780345217317,-30.5267422297695,False
tp,240,252,2933,1.6892396485705425,1.279896227597929,0.4093434209726134,0.21104250364466165,0.6008961924393853,0.38985368879472365,0.19167408905774075,0.5914846893410797,0.3998106002833389,0.2177430097126748,0.5747681314728251,0.35702512176015033,-31.982547658637685,False
