batch_id,batch_date,primary_source,date_confidence,date_source,participant_count,booking_count,class_revenue,package_revenue,avg_lead_time,median_lead_time
DM-001,2024-02-10,553 Google Form Responses,confirmed_from_source_year_and_raw_class_date,Camp Booking Registration (Responses).xlsx,16,7,46300.0,0.0,,
DM-002,2024-02-17,553 Google Form Responses,confirmed_from_source_year_and_raw_class_date,Camp Booking Registration (Responses).xlsx,11,7,28000.0,0.0,,
DM-003,2024-03-02,553 Google Form Responses,confirmed_from_source_year_and_raw_class_date,Camp Booking Registration (Responses).xlsx,12,5,29000.0,0.0,,
DM-004,2024-03-09,553 Google Form Responses,confirmed_from_source_year_and_raw_class_date,Camp Booking Registration (Responses).xlsx,14,5,33000.0,0.0,,
DM-005,2024-03-16,553 Google Form Responses,confirmed_from_source_year_and_raw_class_date,Camp Booking Registration (Responses).xlsx,25,11,56000.0,0.0,,
DM-006,2024-03-23,553 Google Form Responses,confirmed_from_source_year_and_raw_class_date,Camp Booking Registration (Responses).xlsx,7,4,16350.0,0.0,,
DM-007,2024-03-30,553 Google Form Responses,confirmed_from_source_year_and_raw_class_date,Camp Booking Registration (Responses).xlsx,16,5,32500.0,0.0,,
DM-008,2024-04-06,553 Google Form Responses,confirmed_from_source_year_and_raw_class_date,Camp Booking Registration (Responses).xlsx,29,11,65700.0,0.0,,
DM-009,2024-04-13,553 Google Form Responses,confirmed_from_source_year_and_raw_class_date,Camp Booking Registration (Responses).xlsx,28,12,63000.0,0.0,,
DM-010,2024-04-20,553 Google Form Responses,confirmed_from_source_year_and_raw_class_date,Camp Booking Registration (Responses).xlsx,32,11,74700.0,0.0,,
DM-011,2024-04-27,553 Google Form Responses,confirmed_from_source_year_and_raw_class_date,Camp Booking Registration (Responses).xlsx,38,12,53900.0,0.0,,
DM-012,2024-05-04,553 Google Form Responses,confirmed_from_source_year_and_raw_class_date,Camp Booking Registration (Responses).xlsx,11,7,24000.0,0.0,,
DM-013,2024-05-11,553 Google Form Responses,confirmed_from_source_year_and_raw_class_date,Camp Booking Registration (Responses).xlsx,21,10,47100.0,0.0,,
DM-014,2024-05-18,553 Google Form Responses,confirmed_from_source_year_and_raw_class_date,Camp Booking Registration (Responses).xlsx,29,19,77500.0,0.0,,
DM-015,2024-05-19,553 Google Form Responses,confirmed_from_source_year_and_raw_class_date,Camp Booking Registration (Responses).xlsx,6,2,12000.0,0.0,,
DM-016,2024-05-25,553 Google Form Responses,confirmed_from_source_year_and_raw_class_date,Camp Booking Registration (Responses).xlsx,23,8,52000.0,0.0,,
DM-017,2024-05-26,553 Google Form Responses,confirmed_from_source_year_and_raw_class_date,Camp Booking Registration (Responses).xlsx,4,1,7000.0,0.0,,
DM-018,2024-06-01,553 Google Form Responses,confirmed_from_source_year_and_raw_class_date,Camp Booking Registration (Responses).xlsx,39,15,85000.0,0.0,,
DM-019,2024-06-08,553 Google Form Responses,confirmed_from_source_year_and_raw_class_date,Camp Booking Registration (Responses).xlsx,15,6,37050.0,0.0,,
DM-020,2024-06-15,553 Google Form Responses,confirmed_from_source_year_and_raw_class_date,Camp Booking Registration (Responses).xlsx,30,14,67200.0,0.0,,
DM-021,2024-06-22,553 Google Form Responses,confirmed_from_source_year_and_raw_class_date,Camp Booking Registration (Responses).xlsx,26,6,51008.0,0.0,,
DM-022,2024-06-29,553 Google Form Responses,confirmed_from_source_year_and_raw_class_date,Camp Booking Registration (Responses).xlsx,26,12,55850.0,0.0,,
DM-023,2024-07-06,553 Google Form Responses,confirmed_from_source_year_and_raw_class_date,Camp Booking Registration (Responses).xlsx,11,7,23000.0,0.0,,
DM-024,2024-07-13,553 Google Form Responses,confirmed_from_source_year_and_raw_class_date,Camp Booking Registration (Responses).xlsx,28,12,58000.0,0.0,,
DM-025,2024-07-20,553 Google Form Responses,confirmed_from_source_year_and_raw_class_date,Camp Booking Registration (Responses).xlsx,12,6,27000.0,0.0,,
DM-026,2024-07-27,553 Google Form Responses,confirmed_from_source_year_and_raw_class_date,Camp Booking Registration (Responses).xlsx,25,4,23000.0,0.0,,
DM-027,2024-08-03,553 Google Form Responses,confirmed_from_source_year_and_raw_class_date,Camp Booking Registration (Responses).xlsx,14,4,29000.0,0.0,,
DM-028,2024-08-10,553 Google Form Responses,confirmed_from_source_year_and_raw_class_date,Camp Booking Registration (Responses).xlsx,20,5,18000.0,0.0,,
DM-029,2024-08-17,553 Google Form Responses,confirmed_from_source_year_and_raw_class_date,Camp Booking Registration (Responses).xlsx,10,4,42000.0,0.0,,
DM-030,2024-08-24,553 Google Form Responses,confirmed_from_source_year_and_raw_class_date,Camp Booking Registration (Responses).xlsx,39,9,49000.0,0.0,,
DM-031,2024-08-31,553 Google Form Responses,confirmed_from_source_year_and_raw_class_date,Camp Booking Registration (Responses).xlsx,10,3,22000.0,0.0,,
DM-032,2024-09-14,553 Google Form Responses,confirmed_from_source_year_and_raw_class_date,Camp Booking Registration (Responses).xlsx,35,19,56400.0,0.0,,
DM-033,2024-09-21,553 Google Form Responses,confirmed_from_source_year_and_raw_class_date,Camp Booking Registration (Responses).xlsx,14,7,27800.0,0.0,,
DM-034,2024-09-28,553 Google Form Responses,confirmed_from_source_year_and_raw_class_date,Camp Booking Registration (Responses).xlsx,14,4,25000.0,0.0,,
DM-035,2024-10-05,553 Google Form Responses,confirmed_from_source_year_and_raw_class_date,Camp Booking Registration (Responses).xlsx,8,3,13000.0,0.0,,
DM-036,2024-10-12,553 Google Form Responses,confirmed_from_source_year_and_raw_class_date,Camp Booking Registration (Responses).xlsx,9,5,20300.0,0.0,,
DM-037,2024-10-19,553 Google Form Responses,confirmed_from_source_year_and_raw_class_date,Camp Booking Registration (Responses).xlsx,11,5,26000.0,0.0,,
DM-038,2024-10-26,553 Google Form Responses,confirmed_from_source_year_and_raw_class_date,Camp Booking Registration (Responses).xlsx,3,1,9000.0,0.0,,
DM-039,2024-11-02,553 Google Form Responses,confirmed_from_source_year_and_raw_class_date,Camp Booking Registration (Responses).xlsx,25,16,67700.0,0.0,,
DM-040,2024-11-09,553 Google Form Responses,confirmed_from_source_year_and_raw_class_date,Camp Booking Registration (Responses).xlsx,11,4,25000.0,0.0,,
DM-041,2024-11-14,553 Google Form Responses,confirmed_from_source_year_and_raw_class_date,Camp Booking Registration (Responses).xlsx,4,1,8000.0,0.0,,
DM-042,2024-11-16,553 Google Form Responses,confirmed_from_source_year_and_raw_class_date,Camp Booking Registration (Responses).xlsx,11,4,18000.0,0.0,,
DM-043,2024-11-23,553 Google Form Responses,confirmed_from_source_year_and_raw_class_date,Camp Booking Registration (Responses).xlsx,25,7,21000.0,0.0,,
DM-044,2024-11-30,553 Google Form Responses,confirmed_from_source_year_and_raw_class_date,Camp Booking Registration (Responses).xlsx,3,2,9000.0,0.0,,
DM-045,2024-12-07,553 Google Form Responses,confirmed_from_source_year_and_raw_class_date,Camp Booking Registration (Responses).xlsx,9,2,19900.0,0.0,,
DM-046,2024-12-14,553 Google Form Responses,confirmed_from_source_year_and_raw_class_date,Camp Booking Registration (Responses).xlsx,21,16,46900.0,0.0,,
DM-047,2025-01-18,553 Google Form Responses,confirmed_from_source_year_and_raw_class_date,Camp Booking Registration (Responses).xlsx,5,1,10000.0,0.0,,
DM-048,2025-02-01,553 Google Form Responses,confirmed_from_source_year_and_raw_class_date,Camp Booking Registration (Responses).xlsx,7,4,22050.0,0.0,,
DM-049,2025-02-15,553 Google Form Responses,confirmed_from_source_year_and_raw_class_date,Camp Booking Registration (Responses).xlsx,11,6,31000.0,0.0,,
DM-050,2025-02-22,553 Google Form Responses,confirmed_from_source_year_and_raw_class_date,Camp Booking Registration (Responses).xlsx,23,19,67400.0,0.0,,
DM-051,2025-03-01,553 Google Form Responses,confirmed_from_source_year_and_raw_class_date,Camp Booking Registration (Responses).xlsx,6,3,14000.0,0.0,,
DM-052,2025-03-08,553 Google Form Responses,confirmed_from_source_year_and_raw_class_date,Camp Booking Registration (Responses).xlsx,15,5,22000.0,0.0,,
DM-053,2025-03-15,553 Google Form Responses,confirmed_from_source_year_and_raw_class_date,Camp Booking Registration (Responses).xlsx,6,3,16000.0,0.0,,
DM-054,2025-03-22,553 Google Form Responses,confirmed_from_source_year_and_raw_class_date,Camp Booking Registration (Responses).xlsx,44,15,97050.0,0.0,,
DM-055,2025-03-29,553 Google Form Responses,confirmed_from_source_year_and_raw_class_date,Camp Booking Registration (Responses).xlsx,25,9,42958.0,0.0,,
DM-056,2025-04-05,553 Google Form Responses,confirmed_from_source_year_and_raw_class_date,Camp Booking Registration (Responses).xlsx,6,3,18000.0,0.0,,
DM-057,2025-04-12,553 Google Form Responses,confirmed_from_source_year_and_raw_class_date,Camp Booking Registration (Responses).xlsx,11,3,29200.0,0.0,,
DM-058,2025-04-17,553 Google Form Responses,confirmed_from_source_year_and_raw_class_date,Camp Booking Registration (Responses).xlsx,1,1,3000.0,0.0,,
DM-059,2025-04-19,553 Google Form Responses,confirmed_from_source_year_and_raw_class_date,Camp Booking Registration (Responses).xlsx,9,6,24000.0,0.0,,
DM-060,2025-04-26,553 Google Form Responses,confirmed_from_source_year_and_raw_class_date,Camp Booking Registration (Responses).xlsx,15,7,32000.0,0.0,,
DM-061,2025-05-03,553 Google Form Responses,confirmed_from_source_year_and_raw_class_date,Camp Booking Registration (Responses).xlsx,23,8,54200.0,0.0,,
DM-062,2025-05-10,553 Google Form Responses,confirmed_from_source_year_and_raw_class_date,Camp Booking Registration (Responses).xlsx,9,4,27000.0,0.0,,
DM-063,2025-05-14,553 Google Form Responses,confirmed_from_source_year_and_raw_class_date,Camp Booking Registration (Responses).xlsx,4,1,8000.0,0.0,,
DM-064,2025-05-17,553 Google Form Responses,confirmed_from_source_year_and_raw_class_date,Camp Booking Registration (Responses).xlsx,20,11,41000.0,0.0,,
DM-065,2025-05-24,553 Google Form Responses,confirmed_from_source_year_and_raw_class_date,Camp Booking Registration (Responses).xlsx,35,9,44900.0,0.0,,
DM-066,2025-05-31,553 Google Form Responses,confirmed_from_source_year_and_raw_class_date,Camp Booking Registration (Responses).xlsx,12,4,36650.0,0.0,,
DM-067,2025-06-07,553 Google Form Responses,confirmed_from_source_year_and_raw_class_date,Camp Booking Registration (Responses).xlsx,29,8,53800.0,0.0,,
DM-068,2025-06-14,553 Google Form Responses,confirmed_from_source_year_and_raw_class_date,Camp Booking Registration (Responses).xlsx,22,5,26000.0,0.0,,
DM-069,2025-06-21,553 Google Form Responses,confirmed_from_source_year_and_raw_class_date,Camp Booking Registration (Responses).xlsx,12,5,27000.0,0.0,,
DM-070,2025-06-28,553 Google Form Responses,confirmed_from_source_year_and_raw_class_date,Camp Booking Registration (Responses).xlsx,6,3,15000.0,0.0,,
DM-071,2025-07-12,553 Google Form Responses,confirmed_from_source_year_and_raw_class_date,Camp Booking Registration (Responses).xlsx,9,3,19000.0,0.0,,
DM-072,2025-07-19,553 Google Form Responses,confirmed_from_source_year_and_raw_class_date,Camp Booking Registration (Responses).xlsx,4,2,10000.0,0.0,,
DM-073,2025-07-26,553 Google Form Responses,confirmed_from_source_year_and_raw_class_date,Camp Booking Registration (Responses).xlsx,1,1,3800.0,0.0,,
DM-074,2025-08-09,553 Google Form Responses,confirmed_from_source_year_and_raw_class_date,Camp Booking Registration (Responses).xlsx,12,5,24000.0,0.0,,
DM-075,2025-08-16,553 Google Form Responses,confirmed_from_source_year_and_raw_class_date,Camp Booking Registration (Responses).xlsx,26,8,32000.0,0.0,,
DM-076,2025-08-23,553 Google Form Responses,confirmed_from_source_year_and_raw_class_date,Camp Booking Registration (Responses).xlsx,36,10,68000.0,0.0,,
DM-077,2025-09-20,553 Google Form Responses,confirmed_from_source_year_and_raw_class_date,Camp Booking Registration (Responses).xlsx,10,8,21850.0,0.0,,
DM-078,2025-09-27,553 Google Form Responses,confirmed_from_source_year_and_raw_class_date,Camp Booking Registration (Responses).xlsx,2,1,6000.0,0.0,,
DM-079,2025-10-04,553 Google Form Responses,confirmed_from_source_year_and_raw_class_date,Camp Booking Registration (Responses).xlsx,5,5,7000.0,0.0,,
DM-080,2025-10-11,553 Google Form Responses,confirmed_from_source_year_and_raw_class_date,Camp Booking Registration (Responses).xlsx,3,2,9000.0,0.0,,
DM-081,2025-10-18,553 Google Form Responses,confirmed_from_source_year_and_raw_class_date,Camp Booking Registration (Responses).xlsx,10,7,18000.0,0.0,,
DM-082,2025-10-25,553 Google Form Responses,confirmed_from_source_year_and_raw_class_date,Camp Booking Registration (Responses).xlsx,7,3,16000.0,0.0,,
DM-083,2025-11-15,553 Google Form Responses,confirmed_from_source_year_and_raw_class_date,Camp Booking Registration (Responses).xlsx,20,9,48000.0,0.0,,
DM-084,2025-11-22,553 Google Form Responses,confirmed_from_source_year_and_raw_class_date,Camp Booking Registration (Responses).xlsx,15,4,34300.0,0.0,,
DM-085,2025-11-29,553 Google Form Responses,confirmed_from_source_year_and_raw_class_date,Camp Booking Registration (Responses).xlsx,2,1,6000.0,0.0,,
