month,avg_participants,batches,seasonal_index,season_period
1,5.0,1,0.33861334253023895,Off-Peak
2,13.6,5,0.9210282916822499,Shoulder
3,17.0,10,1.1512853646028123,Peak
4,18.77777777777778,9,1.2716812197246752,Peak
5,16.416666666666668,12,1.1117804746409512,Shoulder
6,22.77777777777778,9,1.5425718937488664,Peak
7,12.857142857142858,7,0.8707200236491859,Off-Peak
8,20.875,8,1.4137107050637476,Peak
9,15.0,5,1.015840027590717,Shoulder
10,7.0,8,0.4740586795423345,Off-Peak
11,12.88888888888889,9,0.8728699496335048,Off-Peak
12,15.0,2,1.015840027590717,Shoulder
